-- MySQL dump 10.13  Distrib 8.0.19, for Win64 (x86_64)
--
-- Host: localhost    Database: vk
-- ------------------------------------------------------
-- Server version	8.0.19

/*!40101 SET @OLD_CHARACTER_SET_CLIENT=@@CHARACTER_SET_CLIENT */;
/*!40101 SET @OLD_CHARACTER_SET_RESULTS=@@CHARACTER_SET_RESULTS */;
/*!40101 SET @OLD_COLLATION_CONNECTION=@@COLLATION_CONNECTION */;
/*!50503 SET NAMES utf8mb4 */;
/*!40103 SET @OLD_TIME_ZONE=@@TIME_ZONE */;
/*!40103 SET TIME_ZONE='+00:00' */;
/*!40014 SET @OLD_UNIQUE_CHECKS=@@UNIQUE_CHECKS, UNIQUE_CHECKS=0 */;
/*!40014 SET @OLD_FOREIGN_KEY_CHECKS=@@FOREIGN_KEY_CHECKS, FOREIGN_KEY_CHECKS=0 */;
/*!40101 SET @OLD_SQL_MODE=@@SQL_MODE, SQL_MODE='NO_AUTO_VALUE_ON_ZERO' */;
/*!40111 SET @OLD_SQL_NOTES=@@SQL_NOTES, SQL_NOTES=0 */;

--
-- Table structure for table `communities`
--

DROP TABLE IF EXISTS `communities`;
/*!40101 SET @saved_cs_client     = @@character_set_client */;
/*!50503 SET character_set_client = utf8mb4 */;
CREATE TABLE `communities` (
  `id` int unsigned NOT NULL AUTO_INCREMENT,
  `name` varchar(150) CHARACTER SET utf8 COLLATE utf8_unicode_ci NOT NULL,
  `description` text CHARACTER SET utf8 COLLATE utf8_unicode_ci,
  PRIMARY KEY (`id`),
  UNIQUE KEY `name` (`name`)
) ENGINE=InnoDB AUTO_INCREMENT=101 DEFAULT CHARSET=utf8 COLLATE=utf8_unicode_ci;
/*!40101 SET character_set_client = @saved_cs_client */;

--
-- Dumping data for table `communities`
--

LOCK TABLES `communities` WRITE;
/*!40000 ALTER TABLE `communities` DISABLE KEYS */;
INSERT INTO `communities` VALUES (1,'blanditiis','Consectetur doloremque unde saepe voluptas minus. Est dignissimos quo officia possimus iure suscipit veritatis eos. Accusamus quia dolorem ducimus doloremque quae iusto enim ab. Excepturi perspiciatis esse voluptatem consequatur quo eos aut.'),(2,'pariatur','Corrupti sit laudantium eum ducimus. Molestias et laborum iure et culpa sapiente. Repellat velit sed ut ex.'),(3,'sint','Tempora praesentium repudiandae veritatis vel sint eos voluptate. Et fugiat aut reiciendis rerum. Qui quia et eligendi voluptatum possimus.'),(4,'quaerat','Amet atque distinctio atque tempore ipsum aut. Impedit explicabo in nihil tenetur voluptates reiciendis ullam. In qui voluptas occaecati architecto in. Ipsa voluptas fuga ea nihil deserunt quas laborum dolorum. Nesciunt veritatis quaerat quia minus velit.'),(5,'et','Iste praesentium unde ratione aperiam nobis et exercitationem. Aut qui maiores aperiam possimus rerum qui. Est libero voluptates commodi molestiae odit aut. Harum delectus quo possimus sapiente.'),(6,'ea','Impedit ut similique et porro quis nesciunt. Quo ut molestiae magni. Tempora quia qui sunt magnam deserunt sit ipsam. Ipsa quaerat et dolores.'),(7,'ex','Id suscipit porro ut dicta sed et aut possimus. Aut officia sit officia debitis deleniti cupiditate suscipit debitis. Vel ea laboriosam sit odio. Ut ex culpa in quod corrupti sed quibusdam. Exercitationem porro vel cum non quibusdam adipisci debitis.'),(8,'maxime','Sunt tenetur dolores quisquam error. Maxime sequi aspernatur vel rerum. Quos odio atque dolor facere architecto alias.'),(9,'nam','Nostrum voluptas neque alias praesentium. Explicabo optio qui numquam et molestiae. Perferendis omnis consequuntur accusantium provident et.'),(10,'nobis','Ipsa et id voluptatem reiciendis. Molestias aut iusto fugiat facilis rem amet est voluptas. Quia atque exercitationem magni similique quod. Quidem praesentium accusantium et quidem dolore nostrum sit.'),(11,'vel','Ut nemo a doloribus nihil quia. Perspiciatis rerum dignissimos similique sed natus nulla. Praesentium tempora qui voluptas similique nemo et. Eum sunt alias libero ipsam repellendus nihil perspiciatis.'),(12,'aut','Dignissimos temporibus deleniti quaerat est suscipit sit voluptas. Et nam assumenda quia odit. Assumenda inventore iusto velit quae tempore quo.'),(13,'ipsa','Molestiae quo nemo quisquam iste. Et aperiam eaque nisi perspiciatis. Ut quaerat ratione minus.'),(14,'quis','Ad sit ut ea quam accusantium impedit. Sunt eius sit ratione ab alias est qui. Et quod quo voluptate qui est. Voluptatem distinctio atque temporibus et. Numquam dignissimos iusto rerum omnis cum at quia.'),(15,'illo','Eligendi hic quae omnis totam et dolorem et. Vel eum reprehenderit aut officiis architecto unde ut. In similique est ut.'),(16,'ratione','Rem labore distinctio sed. Commodi eum quo et et unde ipsa. Ut dicta quibusdam fugiat reiciendis. Omnis sapiente quaerat consequatur adipisci error omnis.'),(17,'qui','Asperiores optio nihil sequi recusandae omnis perferendis culpa. Ut molestiae saepe enim neque repellat hic. Quis quo autem officia aperiam.'),(18,'recusandae','Nisi praesentium qui quis porro. Ut amet iure quia corporis dolore. Eligendi est neque animi cum. Molestias qui esse impedit incidunt.'),(19,'quia','Doloribus cumque cumque molestias adipisci. Sint omnis aut sit odit ut. Quia ut repellat sunt maiores.'),(20,'occaecati','Qui rerum architecto exercitationem eaque voluptatem sunt. Quasi pariatur dicta saepe aut et assumenda. Autem quae repudiandae molestiae vitae nulla et.');
/*!40000 ALTER TABLE `communities` ENABLE KEYS */;
UNLOCK TABLES;

--
-- Table structure for table `communities_users`
--

DROP TABLE IF EXISTS `communities_users`;
/*!40101 SET @saved_cs_client     = @@character_set_client */;
/*!50503 SET character_set_client = utf8mb4 */;
CREATE TABLE `communities_users` (
  `community_id` int unsigned NOT NULL,
  `user_id` int unsigned NOT NULL,
  `is_admin` tinyint(1) DEFAULT NULL,
  `is_moderator` tinyint(1) DEFAULT NULL,
  PRIMARY KEY (`community_id`,`user_id`)
) ENGINE=InnoDB DEFAULT CHARSET=utf8 COLLATE=utf8_unicode_ci;
/*!40101 SET character_set_client = @saved_cs_client */;

--
-- Dumping data for table `communities_users`
--

LOCK TABLES `communities_users` WRITE;
/*!40000 ALTER TABLE `communities_users` DISABLE KEYS */;
INSERT INTO `communities_users` VALUES (1,34,0,0),(1,38,0,0),(1,51,1,0),(1,79,0,0),(1,91,0,0),(2,3,1,0),(2,23,0,1),(2,26,0,0),(2,33,1,0),(2,36,0,0),(2,66,0,0),(2,76,0,0),(2,89,0,1),(2,97,0,0),(3,10,1,0),(3,14,1,0),(3,22,0,0),(3,53,1,1),(3,91,1,1),(4,19,0,1),(4,33,0,1),(4,34,1,0),(4,40,0,1),(4,43,1,0),(4,45,0,1),(4,49,1,1),(5,14,0,1),(5,16,1,0),(5,25,1,1),(5,48,0,1),(5,50,1,0),(5,67,0,0),(6,0,1,0),(6,19,1,0),(6,27,1,0),(6,40,1,1),(6,52,0,1),(7,38,0,1),(7,41,1,0),(7,48,0,1),(7,53,1,0),(7,98,0,1),(8,7,0,1),(8,15,0,0),(8,20,0,0),(8,38,1,1),(8,65,1,0),(8,66,0,0),(8,83,1,0),(8,86,1,1),(8,87,1,1),(9,12,0,1),(9,14,0,1),(9,79,0,0),(9,98,0,0),(10,2,1,0),(10,25,1,0),(10,33,1,1),(10,86,0,0),(11,61,1,1),(11,68,0,0),(11,89,0,1),(11,90,0,1),(12,0,0,0),(12,12,1,0),(12,59,1,1),(12,92,0,0),(13,32,1,0),(13,43,1,1),(13,83,0,0),(13,94,0,0),(14,0,0,0),(14,33,0,0),(14,55,0,0),(14,99,0,1),(15,16,0,1),(15,19,1,1),(15,47,1,1),(15,52,0,0),(15,53,0,0),(15,68,0,0),(15,93,0,1),(16,55,0,0),(16,66,1,1),(17,44,1,1),(17,54,1,1),(17,88,1,0),(18,0,0,1),(18,14,1,1),(19,14,1,1),(19,40,1,0),(19,56,0,1),(19,77,1,1),(20,2,0,1),(20,9,1,0),(20,27,1,1),(20,45,1,0),(20,51,0,0),(20,62,1,1),(20,75,1,1);
/*!40000 ALTER TABLE `communities_users` ENABLE KEYS */;
UNLOCK TABLES;

--
-- Table structure for table `friendship`
--

DROP TABLE IF EXISTS `friendship`;
/*!40101 SET @saved_cs_client     = @@character_set_client */;
/*!50503 SET character_set_client = utf8mb4 */;
CREATE TABLE `friendship` (
  `user_id` int unsigned NOT NULL,
  `friend_id` int unsigned NOT NULL,
  `status_id` int unsigned NOT NULL,
  `requested_at` datetime DEFAULT CURRENT_TIMESTAMP,
  `confirmed_at` datetime DEFAULT NULL,
  PRIMARY KEY (`user_id`,`friend_id`)
) ENGINE=InnoDB DEFAULT CHARSET=utf8 COLLATE=utf8_unicode_ci;
/*!40101 SET character_set_client = @saved_cs_client */;

--
-- Dumping data for table `friendship`
--

LOCK TABLES `friendship` WRITE;
/*!40000 ALTER TABLE `friendship` DISABLE KEYS */;
INSERT INTO `friendship` VALUES (1,2,1,'2020-01-24 21:26:05','2020-03-03 22:06:54'),(1,26,2,'2014-07-18 02:00:15','2020-03-03 22:06:54'),(2,5,1,'2019-09-29 14:44:11','2020-03-03 22:06:54'),(2,14,3,'2010-07-27 16:16:32','2015-01-23 22:07:52'),(5,91,1,'2011-05-01 19:29:05','2016-11-15 14:13:57'),(8,34,2,'2015-03-09 17:23:16','2020-03-03 22:06:54'),(9,41,2,'2015-05-01 16:49:33','2020-03-03 22:06:54'),(9,73,3,'2019-03-12 17:13:56','2020-03-03 22:06:54'),(10,5,2,'2018-07-02 03:24:29','2020-03-03 22:06:54'),(11,1,3,'2015-01-14 20:05:42','2015-11-20 16:26:31'),(12,5,2,'2010-11-20 23:39:31','2013-02-05 18:53:37'),(13,10,2,'2015-11-13 01:47:14','2020-03-03 22:06:54'),(13,35,2,'2012-05-26 09:47:02','2019-08-23 03:23:33'),(14,98,3,'2015-06-07 02:13:15','2016-08-23 20:44:16'),(15,7,1,'2010-09-04 03:41:33','2013-02-25 06:25:55'),(18,28,2,'2013-06-17 07:36:11','2016-07-19 03:51:12'),(18,65,3,'2013-07-07 19:12:39','2020-03-03 22:06:54'),(18,70,2,'2016-01-31 04:23:03','2020-03-03 22:06:54'),(18,75,1,'2014-02-11 14:48:22','2016-08-02 05:34:21'),(19,44,1,'2019-12-21 21:33:04','2020-03-03 22:06:54'),(21,5,3,'2010-09-07 04:32:15','2018-01-02 20:57:10'),(23,20,1,'2013-04-30 06:00:57','2020-03-03 22:06:54'),(23,45,2,'2013-03-07 14:16:52','2014-08-03 01:08:26'),(25,46,3,'2013-08-07 06:49:32','2018-07-07 09:59:28'),(27,19,3,'2018-08-31 12:55:03','2020-03-03 22:06:54'),(29,33,2,'2013-12-19 02:18:40','2017-06-18 12:31:36'),(29,46,2,'2016-12-17 22:46:31','2020-03-03 22:06:54'),(29,53,1,'2019-04-21 19:23:25','2020-03-03 22:06:54'),(29,84,1,'2016-07-01 09:25:58','2020-03-03 22:06:54'),(34,65,3,'2016-07-17 19:58:43','2019-04-13 01:08:31'),(34,89,2,'2018-08-18 04:43:30','2020-03-03 22:06:54'),(35,23,3,'2017-04-16 23:03:47','2020-03-03 22:06:54'),(37,15,2,'2016-07-01 04:10:00','2017-02-04 17:49:45'),(39,45,3,'2013-08-01 23:17:33','2018-07-08 15:33:47'),(40,74,3,'2018-04-21 23:41:49','2020-03-03 22:06:54'),(40,88,2,'2011-06-01 12:33:08','2013-12-14 18:22:02'),(41,84,3,'2014-07-23 18:52:03','2018-07-02 08:58:15'),(43,76,2,'2017-05-26 07:11:10','2020-03-03 22:06:54'),(43,91,2,'2011-11-14 14:48:22','2020-03-03 22:06:54'),(44,21,1,'2012-01-28 08:09:54','2018-07-29 07:03:25'),(44,50,3,'2020-01-27 23:55:23','2020-03-03 22:06:54'),(45,33,2,'2015-03-21 10:08:02','2018-11-17 08:23:37'),(45,94,3,'2018-11-18 00:31:43','2020-03-03 22:06:54'),(46,28,2,'2012-12-17 09:04:57','2016-11-28 19:22:55'),(46,47,1,'2010-02-28 06:36:17','2014-12-26 18:39:02'),(47,69,1,'2012-07-25 19:41:10','2017-02-02 15:05:31'),(48,37,3,'2013-05-05 18:16:53','2017-03-16 20:00:05'),(48,72,3,'2019-10-12 07:36:38','2020-03-03 22:06:54'),(49,34,2,'2012-05-23 17:32:38','2018-11-14 13:38:49'),(49,69,3,'2011-02-14 01:02:28','2014-07-28 01:54:34'),(50,64,2,'2011-07-31 23:25:54','2015-09-11 01:04:10'),(52,32,2,'2014-07-31 13:32:18','2019-07-05 09:07:52'),(52,37,2,'2019-09-17 20:29:15','2020-03-03 22:06:54'),(54,34,2,'2012-12-02 07:58:22','2013-08-20 15:03:01'),(55,41,3,'2012-08-28 09:09:11','2013-04-17 08:32:58'),(55,46,1,'2014-11-10 11:57:28','2020-03-03 22:06:54'),(56,39,3,'2017-05-15 20:57:18','2018-06-12 04:53:20'),(56,48,1,'2012-04-14 16:47:30','2019-07-18 07:14:31'),(59,13,1,'2015-01-08 16:06:12','2015-12-12 18:39:09'),(61,74,2,'2011-12-28 06:13:26','2020-03-03 22:06:54'),(62,92,1,'2016-06-14 23:54:58','2020-03-03 22:06:54'),(63,67,2,'2018-04-30 01:41:46','2020-03-03 22:06:54'),(64,10,3,'2017-10-09 21:58:05','2020-03-03 22:06:54'),(65,22,1,'2012-12-29 08:04:44','2016-01-15 01:27:15'),(65,81,1,'2011-07-13 05:51:38','2018-02-01 11:03:58'),(66,89,3,'2015-03-15 11:19:20','2015-11-11 20:06:53'),(67,17,3,'2013-07-28 18:53:52','2020-03-03 22:06:54'),(67,33,2,'2018-04-18 16:42:57','2020-03-03 22:06:54'),(68,24,3,'2011-05-19 10:54:06','2020-03-03 22:06:54'),(69,84,2,'2013-05-21 22:02:36','2019-08-10 22:40:42'),(70,56,3,'2018-04-27 07:17:20','2020-03-03 22:06:54'),(71,50,3,'2010-08-06 16:05:35','2016-03-11 06:19:12'),(71,61,3,'2013-01-19 21:59:35','2015-01-03 06:37:38'),(71,85,2,'2019-05-25 07:40:46','2020-03-03 22:06:54'),(71,93,2,'2011-11-26 02:30:54','2014-09-25 05:11:47'),(73,21,3,'2015-04-24 06:29:09','2017-04-22 16:01:12'),(77,6,3,'2016-05-01 06:04:02','2017-06-18 23:24:35'),(77,27,3,'2011-11-23 19:43:40','2014-02-06 02:28:25'),(77,86,1,'2017-05-09 02:34:06','2020-03-03 22:06:54'),(78,67,1,'2015-10-07 07:38:39','2017-04-17 10:00:10'),(81,61,3,'2010-05-11 23:43:09','2015-11-05 13:45:01'),(84,68,3,'2019-09-14 13:33:49','2020-03-03 22:06:54'),(84,99,3,'2019-12-03 09:55:17','2020-03-03 22:06:54'),(85,60,3,'2017-03-18 16:33:51','2020-03-03 22:06:54'),(87,6,2,'2014-09-23 08:38:10','2020-03-03 22:06:54'),(87,48,1,'2010-08-24 15:12:33','2015-05-10 04:06:49'),(88,22,3,'2010-12-26 06:56:40','2014-11-09 07:56:34'),(88,41,1,'2014-02-27 00:10:33','2015-01-18 06:21:57'),(89,3,3,'2016-11-25 05:42:45','2019-01-04 17:21:09'),(90,43,3,'2015-10-29 01:17:48','2020-03-03 22:06:54'),(90,68,2,'2017-02-28 08:49:45','2020-03-03 22:06:54'),(91,32,2,'2010-11-11 06:17:55','2012-02-09 11:35:34'),(95,22,1,'2015-06-14 21:52:15','2020-03-03 22:06:54'),(95,70,3,'2012-05-19 14:40:24','2015-02-09 20:40:19'),(96,63,2,'2011-04-18 17:37:56','2018-08-19 10:59:55'),(97,28,2,'2012-09-12 10:32:02','2013-03-21 01:43:04'),(97,76,1,'2010-05-19 06:55:42','2010-12-19 11:18:50'),(98,72,1,'2017-07-29 17:32:04','2019-12-28 19:00:06'),(99,11,1,'2011-01-09 10:30:30','2012-07-10 12:46:19'),(99,53,1,'2013-10-24 21:07:55','2015-03-09 05:35:27');
/*!40000 ALTER TABLE `friendship` ENABLE KEYS */;
UNLOCK TABLES;

--
-- Table structure for table `friendship_statuses`
--

DROP TABLE IF EXISTS `friendship_statuses`;
/*!40101 SET @saved_cs_client     = @@character_set_client */;
/*!50503 SET character_set_client = utf8mb4 */;
CREATE TABLE `friendship_statuses` (
  `id` int unsigned NOT NULL AUTO_INCREMENT,
  `name` varchar(150) CHARACTER SET utf8 COLLATE utf8_unicode_ci NOT NULL,
  PRIMARY KEY (`id`),
  UNIQUE KEY `name` (`name`)
) ENGINE=InnoDB AUTO_INCREMENT=4 DEFAULT CHARSET=utf8 COLLATE=utf8_unicode_ci;
/*!40101 SET character_set_client = @saved_cs_client */;

--
-- Dumping data for table `friendship_statuses`
--

LOCK TABLES `friendship_statuses` WRITE;
/*!40000 ALTER TABLE `friendship_statuses` DISABLE KEYS */;
INSERT INTO `friendship_statuses` VALUES (2,'Confirmed'),(3,'Rejected'),(1,'Requested');
/*!40000 ALTER TABLE `friendship_statuses` ENABLE KEYS */;
UNLOCK TABLES;

--
-- Table structure for table `media`
--

DROP TABLE IF EXISTS `media`;
/*!40101 SET @saved_cs_client     = @@character_set_client */;
/*!50503 SET character_set_client = utf8mb4 */;
CREATE TABLE `media` (
  `id` int unsigned NOT NULL AUTO_INCREMENT,
  `media_type_id` int unsigned NOT NULL,
  `user_id` int unsigned NOT NULL,
  `community_id` int unsigned DEFAULT NULL,
  `filename` varchar(255) CHARACTER SET utf8 COLLATE utf8_unicode_ci NOT NULL,
  `size` int unsigned DEFAULT NULL,
  `metadata` json DEFAULT NULL,
  `created_at` datetime DEFAULT CURRENT_TIMESTAMP,
  `updated_at` datetime DEFAULT CURRENT_TIMESTAMP ON UPDATE CURRENT_TIMESTAMP,
  PRIMARY KEY (`id`)
) ENGINE=InnoDB AUTO_INCREMENT=101 DEFAULT CHARSET=utf8 COLLATE=utf8_unicode_ci;
/*!40101 SET character_set_client = @saved_cs_client */;

--
-- Dumping data for table `media`
--

LOCK TABLES `media` WRITE;
/*!40000 ALTER TABLE `media` DISABLE KEYS */;
INSERT INTO `media` VALUES (1,3,22,19,'https://dropbox/vk/file_sint',253,'{\"owner\": \"Keenan Hane\"}','2019-09-02 00:18:05','2020-03-04 07:02:39'),(2,1,2,20,'https://dropbox/vk/file_aut',804,'{\"owner\": \"Carroll Turcotte\"}','2012-02-06 13:05:53','2020-03-04 07:02:39'),(3,3,44,20,'https://dropbox/vk/file_totam',509,'{\"owner\": \"Clara Nolan\"}','2012-05-25 13:07:44','2020-03-04 07:02:39'),(4,1,12,1,'https://dropbox/vk/file_unde',355,'{\"owner\": \"Kattie Rippin\"}','2016-04-10 12:14:03','2020-03-04 07:02:39'),(5,2,26,3,'https://dropbox/vk/file_unde',105,'{\"owner\": \"Alanis Reilly\"}','2016-05-08 18:25:00','2020-03-04 07:02:39'),(6,2,96,11,'https://dropbox/vk/file_aut',105,'{\"owner\": \"Dannie Reilly\"}','2011-02-15 01:30:34','2020-03-04 07:02:39'),(7,3,3,8,'https://dropbox/vk/file_sunt',155,'{\"owner\": \"Wilbert Balistreri\"}','2017-01-02 11:00:51','2020-03-04 07:02:39'),(8,3,23,7,'https://dropbox/vk/file_delectus',188,'{\"owner\": \"Barbara Hilll\"}','2013-09-24 17:00:46','2020-03-04 07:02:39'),(9,2,7,10,'https://dropbox/vk/file_deserunt',34,'{\"owner\": \"Hailie Nader\"}','2011-06-30 16:29:21','2020-03-04 07:02:39'),(10,1,65,10,'https://dropbox/vk/file_repellendus',433,'{\"owner\": \"Angeline Schultz\"}','2010-09-18 21:04:15','2020-03-04 07:02:39'),(11,1,2,18,'https://dropbox/vk/file_qui',497,'{\"owner\": \"Carroll Turcotte\"}','2012-11-03 04:09:19','2020-03-04 07:02:39'),(12,3,16,2,'https://dropbox/vk/file_quo',435,'{\"owner\": \"Easton Beatty\"}','2013-08-11 14:28:14','2020-03-04 07:02:39'),(13,1,73,12,'https://dropbox/vk/file_voluptatum',214,'{\"owner\": \"Elmer Shields\"}','2016-05-28 21:00:36','2020-03-04 07:02:39'),(14,2,16,16,'https://dropbox/vk/file_necessitatibus',138,'{\"owner\": \"Easton Beatty\"}','2011-05-24 20:45:54','2020-03-04 07:02:39'),(15,2,61,4,'https://dropbox/vk/file_dicta',518,'{\"owner\": \"Lenny Anderson\"}','2019-06-24 08:35:13','2020-03-04 07:02:39'),(16,1,56,12,'https://dropbox/vk/file_sed',277,'{\"owner\": \"Berneice Kohler\"}','2013-02-20 16:24:13','2020-03-04 07:02:39'),(17,3,96,8,'https://dropbox/vk/file_quis',551,'{\"owner\": \"Dannie Reilly\"}','2014-12-04 15:52:07','2020-03-04 07:02:39'),(18,3,11,3,'https://dropbox/vk/file_animi',403,'{\"owner\": \"Rosalee Kuphal\"}','2010-08-03 15:14:09','2020-03-04 07:02:39'),(19,2,69,12,'https://dropbox/vk/file_voluptas',95,'{\"owner\": \"Luisa Davis\"}','2011-03-07 01:30:51','2020-03-04 07:02:39'),(20,2,9,8,'https://dropbox/vk/file_ea',18,'{\"owner\": \"Guadalupe Pollich\"}','2013-12-30 04:13:15','2020-03-04 07:02:39'),(21,1,37,4,'https://dropbox/vk/file_mollitia',374,'{\"owner\": \"Darian Wunsch\"}','2013-08-29 04:02:33','2020-03-04 07:02:39'),(22,2,59,15,'https://dropbox/vk/file_optio',477,'{\"owner\": \"Velva Fay\"}','2016-03-15 16:51:24','2020-03-04 07:02:39'),(23,2,84,3,'https://dropbox/vk/file_tempora',37,'{\"owner\": \"Addison Ferry\"}','2012-03-08 22:41:15','2020-03-04 07:02:39'),(24,3,42,8,'https://dropbox/vk/file_illo',708,'{\"owner\": \"Omari Erdman\"}','2012-10-01 08:58:36','2020-03-04 07:02:39'),(25,3,57,13,'https://dropbox/vk/file_voluptatem',929,'{\"owner\": \"Savanah Raynor\"}','2018-06-10 07:27:44','2020-03-04 07:02:39'),(26,3,60,18,'https://dropbox/vk/file_voluptas',874,'{\"owner\": \"Marilyne McGlynn\"}','2010-09-29 15:01:38','2020-03-04 07:02:39'),(27,1,29,13,'https://dropbox/vk/file_est',602,'{\"owner\": \"Elian Becker\"}','2018-10-26 09:46:26','2020-03-04 07:02:39'),(28,1,65,8,'https://dropbox/vk/file_qui',877,'{\"owner\": \"Angeline Schultz\"}','2014-03-15 07:59:42','2020-03-04 07:02:39'),(29,3,37,20,'https://dropbox/vk/file_totam',345,'{\"owner\": \"Darian Wunsch\"}','2017-01-01 04:11:23','2020-03-04 07:02:39'),(30,2,88,17,'https://dropbox/vk/file_facere',292,'{\"owner\": \"Justus Feil\"}','2015-04-06 19:52:38','2020-03-04 07:02:39'),(31,1,30,5,'https://dropbox/vk/file_exercitationem',362,'{\"owner\": \"Madaline Labadie\"}','2011-01-29 21:44:59','2020-03-04 07:02:39'),(32,1,86,15,'https://dropbox/vk/file_est',283,'{\"owner\": \"Wilhelm Hammes\"}','2016-01-22 23:01:59','2020-03-04 07:02:39'),(33,2,41,18,'https://dropbox/vk/file_doloremque',257,'{\"owner\": \"Matilda Heidenreich\"}','2018-03-29 12:50:27','2020-03-04 07:02:39'),(34,3,43,6,'https://dropbox/vk/file_odit',682,'{\"owner\": \"Jerry Watsica\"}','2014-08-12 01:12:42','2020-03-04 07:02:39'),(35,2,93,14,'https://dropbox/vk/file_necessitatibus',321,'{\"owner\": \"Emery Skiles\"}','2010-04-13 14:58:13','2020-03-04 07:02:39'),(36,1,35,11,'https://dropbox/vk/file_natus',579,'{\"owner\": \"Meta Hahn\"}','2011-07-09 02:58:35','2020-03-04 07:02:39'),(37,2,96,12,'https://dropbox/vk/file_et',784,'{\"owner\": \"Dannie Reilly\"}','2015-05-24 19:08:31','2020-03-04 07:02:39'),(38,3,75,8,'https://dropbox/vk/file_deleniti',639,'{\"owner\": \"Simeon Homenick\"}','2017-07-27 18:06:00','2020-03-04 07:02:39'),(39,3,84,3,'https://dropbox/vk/file_non',401,'{\"owner\": \"Addison Ferry\"}','2014-04-25 01:44:15','2020-03-04 07:02:39'),(40,1,97,12,'https://dropbox/vk/file_sit',260,'{\"owner\": \"Annette Bogan\"}','2015-04-10 20:55:20','2020-03-04 07:02:39'),(41,1,32,11,'https://dropbox/vk/file_velit',997,'{\"owner\": \"Beverly Turner\"}','2014-10-15 15:23:15','2020-03-04 07:02:39'),(42,3,69,17,'https://dropbox/vk/file_provident',211,'{\"owner\": \"Luisa Davis\"}','2014-11-08 02:17:12','2020-03-04 07:02:39'),(43,2,49,14,'https://dropbox/vk/file_quasi',371,'{\"owner\": \"Derick Pacocha\"}','2011-08-09 21:25:22','2020-03-04 07:02:39'),(44,1,35,16,'https://dropbox/vk/file_atque',370,'{\"owner\": \"Meta Hahn\"}','2012-12-20 06:27:37','2020-03-04 07:02:39'),(45,1,30,18,'https://dropbox/vk/file_voluptatem',958,'{\"owner\": \"Madaline Labadie\"}','2011-06-26 10:24:46','2020-03-04 07:02:39'),(46,3,45,1,'https://dropbox/vk/file_voluptas',501,'{\"owner\": \"Myah Collier\"}','2010-09-23 06:35:08','2020-03-04 07:02:39'),(47,3,34,9,'https://dropbox/vk/file_dolorum',351,'{\"owner\": \"Carole Koch\"}','2017-04-24 11:21:36','2020-03-04 07:02:39'),(48,1,35,3,'https://dropbox/vk/file_vero',85,'{\"owner\": \"Meta Hahn\"}','2017-02-17 05:51:50','2020-03-04 07:02:39'),(49,3,72,6,'https://dropbox/vk/file_aut',514,'{\"owner\": \"Eloisa Hermiston\"}','2010-07-23 05:48:43','2020-03-04 07:02:39'),(50,3,52,19,'https://dropbox/vk/file_ut',868,'{\"owner\": \"Meggie Cole\"}','2017-11-14 19:57:38','2020-03-04 07:02:39'),(51,3,47,20,'https://dropbox/vk/file_neque',403,'{\"owner\": \"Friedrich Stroman\"}','2014-08-09 00:57:44','2020-03-04 07:02:39'),(52,3,78,3,'https://dropbox/vk/file_ut',361,'{\"owner\": \"Karolann Braun\"}','2019-11-04 13:43:28','2020-03-04 07:02:39'),(53,1,48,12,'https://dropbox/vk/file_vel',722,'{\"owner\": \"Kaden Cassin\"}','2011-10-16 02:07:26','2020-03-04 07:02:39'),(54,2,7,13,'https://dropbox/vk/file_voluptatum',421,'{\"owner\": \"Hailie Nader\"}','2016-11-24 04:44:59','2020-03-04 07:02:39'),(55,3,88,9,'https://dropbox/vk/file_fugiat',102,'{\"owner\": \"Justus Feil\"}','2015-06-22 08:11:19','2020-03-04 07:02:39'),(56,3,19,4,'https://dropbox/vk/file_laborum',689,'{\"owner\": \"Philip Howell\"}','2014-09-19 02:12:43','2020-03-04 07:02:39'),(57,3,29,11,'https://dropbox/vk/file_consequatur',814,'{\"owner\": \"Elian Becker\"}','2011-11-18 23:56:45','2020-03-04 07:02:39'),(58,2,90,6,'https://dropbox/vk/file_consequatur',543,'{\"owner\": \"Hector Lehner\"}','2013-11-13 02:20:15','2020-03-04 07:02:39'),(59,3,64,14,'https://dropbox/vk/file_nam',777,'{\"owner\": \"Roslyn Stamm\"}','2014-06-14 08:39:49','2020-03-04 07:02:39'),(60,2,47,11,'https://dropbox/vk/file_et',870,'{\"owner\": \"Friedrich Stroman\"}','2019-11-09 07:42:16','2020-03-04 07:02:39'),(61,2,43,14,'https://dropbox/vk/file_voluptatem',545,'{\"owner\": \"Jerry Watsica\"}','2020-01-16 08:49:47','2020-03-04 07:02:39'),(62,1,74,18,'https://dropbox/vk/file_cumque',454,'{\"owner\": \"Wava Runolfsson\"}','2017-03-18 01:57:05','2020-03-04 07:02:39'),(63,3,40,4,'https://dropbox/vk/file_consectetur',418,'{\"owner\": \"Andres Pfannerstill\"}','2014-08-28 16:28:00','2020-03-04 07:02:39'),(64,1,76,8,'https://dropbox/vk/file_voluptatem',386,'{\"owner\": \"Lilian Mills\"}','2016-07-22 02:11:00','2020-03-04 07:02:39'),(65,3,60,8,'https://dropbox/vk/file_eligendi',634,'{\"owner\": \"Marilyne McGlynn\"}','2019-01-24 12:47:33','2020-03-04 07:02:39'),(66,1,71,13,'https://dropbox/vk/file_reprehenderit',917,'{\"owner\": \"Tressie Borer\"}','2015-05-31 19:00:17','2020-03-04 07:02:39'),(67,3,74,3,'https://dropbox/vk/file_hic',537,'{\"owner\": \"Wava Runolfsson\"}','2016-12-30 16:51:07','2020-03-04 07:02:39'),(68,1,57,14,'https://dropbox/vk/file_officia',896,'{\"owner\": \"Savanah Raynor\"}','2017-01-06 11:23:04','2020-03-04 07:02:39'),(69,2,65,2,'https://dropbox/vk/file_repellat',439,'{\"owner\": \"Angeline Schultz\"}','2020-02-11 22:16:10','2020-03-04 07:02:39'),(70,1,50,6,'https://dropbox/vk/file_fugit',328,'{\"owner\": \"Dulce Stokes\"}','2018-09-26 16:00:36','2020-03-04 07:02:39'),(71,2,58,5,'https://dropbox/vk/file_cumque',125,'{\"owner\": \"Brandyn Brown\"}','2015-06-13 09:44:14','2020-03-04 07:02:39'),(72,3,38,6,'https://dropbox/vk/file_soluta',583,'{\"owner\": \"Elyse Gulgowski\"}','2016-07-20 16:37:42','2020-03-04 07:02:39'),(73,1,15,15,'https://dropbox/vk/file_consequatur',767,'{\"owner\": \"Oma Senger\"}','2017-11-11 17:35:37','2020-03-04 07:02:39'),(74,1,61,17,'https://dropbox/vk/file_qui',755,'{\"owner\": \"Lenny Anderson\"}','2016-01-30 03:33:17','2020-03-04 07:02:39'),(75,2,60,18,'https://dropbox/vk/file_veniam',722,'{\"owner\": \"Marilyne McGlynn\"}','2018-10-18 14:06:45','2020-03-04 07:02:39'),(76,1,15,17,'https://dropbox/vk/file_sunt',710,'{\"owner\": \"Oma Senger\"}','2011-12-08 07:56:57','2020-03-04 07:02:39'),(77,1,93,14,'https://dropbox/vk/file_commodi',716,'{\"owner\": \"Emery Skiles\"}','2010-10-04 11:04:45','2020-03-04 07:02:39'),(78,2,22,17,'https://dropbox/vk/file_mollitia',782,'{\"owner\": \"Keenan Hane\"}','2013-03-12 19:28:24','2020-03-04 07:02:39'),(79,2,28,2,'https://dropbox/vk/file_non',975,'{\"owner\": \"Kiley Feeney\"}','2010-10-12 18:11:35','2020-03-04 07:02:39'),(80,2,75,20,'https://dropbox/vk/file_voluptates',155,'{\"owner\": \"Simeon Homenick\"}','2015-11-09 16:27:09','2020-03-04 07:02:39'),(81,2,92,14,'https://dropbox/vk/file_rem',624,'{\"owner\": \"Irma Franecki\"}','2015-07-01 23:24:20','2020-03-04 07:02:39'),(82,1,34,9,'https://dropbox/vk/file_consequatur',716,'{\"owner\": \"Carole Koch\"}','2015-03-19 17:37:11','2020-03-04 07:02:39'),(83,2,94,4,'https://dropbox/vk/file_architecto',557,'{\"owner\": \"Glenda Crooks\"}','2014-09-24 20:47:11','2020-03-04 07:02:39'),(84,1,66,12,'https://dropbox/vk/file_eligendi',986,'{\"owner\": \"Pierce Heller\"}','2011-06-13 13:00:38','2020-03-04 07:02:39'),(85,3,48,8,'https://dropbox/vk/file_beatae',32,'{\"owner\": \"Kaden Cassin\"}','2017-10-06 22:37:51','2020-03-04 07:02:39'),(86,3,41,3,'https://dropbox/vk/file_commodi',764,'{\"owner\": \"Matilda Heidenreich\"}','2015-04-15 13:51:38','2020-03-04 07:02:39'),(87,1,59,8,'https://dropbox/vk/file_nobis',572,'{\"owner\": \"Velva Fay\"}','2010-04-05 17:23:19','2020-03-04 07:02:39'),(88,1,74,14,'https://dropbox/vk/file_et',134,'{\"owner\": \"Wava Runolfsson\"}','2016-05-27 04:51:31','2020-03-04 07:02:39'),(89,1,90,5,'https://dropbox/vk/file_quia',914,'{\"owner\": \"Hector Lehner\"}','2013-05-16 17:57:40','2020-03-04 07:02:39'),(90,1,27,3,'https://dropbox/vk/file_molestias',75,'{\"owner\": \"Benjamin Wilkinson\"}','2019-09-20 19:43:59','2020-03-04 07:02:39'),(91,3,65,18,'https://dropbox/vk/file_unde',115,'{\"owner\": \"Angeline Schultz\"}','2011-04-10 20:05:00','2020-03-04 07:02:39'),(92,1,44,1,'https://dropbox/vk/file_rerum',68,'{\"owner\": \"Clara Nolan\"}','2013-11-26 10:47:15','2020-03-04 07:02:39'),(93,3,23,11,'https://dropbox/vk/file_ut',367,'{\"owner\": \"Barbara Hilll\"}','2011-06-22 21:29:42','2020-03-04 07:02:39'),(94,3,86,11,'https://dropbox/vk/file_tempore',351,'{\"owner\": \"Wilhelm Hammes\"}','2015-09-02 20:00:30','2020-03-04 07:02:39'),(95,3,57,20,'https://dropbox/vk/file_placeat',764,'{\"owner\": \"Savanah Raynor\"}','2012-03-20 00:15:42','2020-03-04 07:02:39'),(96,1,28,7,'https://dropbox/vk/file_dolores',589,'{\"owner\": \"Kiley Feeney\"}','2012-04-20 12:13:26','2020-03-04 07:02:39'),(97,2,68,16,'https://dropbox/vk/file_possimus',11,'{\"owner\": \"Whitney Koepp\"}','2017-12-22 09:08:54','2020-03-04 07:02:39'),(98,1,55,19,'https://dropbox/vk/file_suscipit',749,'{\"owner\": \"Sydney Stark\"}','2017-08-07 11:08:51','2020-03-04 07:02:39'),(99,2,73,7,'https://dropbox/vk/file_praesentium',159,'{\"owner\": \"Elmer Shields\"}','2015-09-13 11:32:27','2020-03-04 07:02:39'),(100,2,96,18,'https://dropbox/vk/file_quo',246,'{\"owner\": \"Dannie Reilly\"}','2014-08-11 22:06:45','2020-03-04 07:02:39');
/*!40000 ALTER TABLE `media` ENABLE KEYS */;
UNLOCK TABLES;

--
-- Table structure for table `media_types`
--

DROP TABLE IF EXISTS `media_types`;
/*!40101 SET @saved_cs_client     = @@character_set_client */;
/*!50503 SET character_set_client = utf8mb4 */;
CREATE TABLE `media_types` (
  `id` int unsigned NOT NULL AUTO_INCREMENT,
  `name` varchar(255) CHARACTER SET utf8 COLLATE utf8_unicode_ci NOT NULL,
  PRIMARY KEY (`id`),
  UNIQUE KEY `name` (`name`)
) ENGINE=InnoDB AUTO_INCREMENT=4 DEFAULT CHARSET=utf8 COLLATE=utf8_unicode_ci;
/*!40101 SET character_set_client = @saved_cs_client */;

--
-- Dumping data for table `media_types`
--

LOCK TABLES `media_types` WRITE;
/*!40000 ALTER TABLE `media_types` DISABLE KEYS */;
INSERT INTO `media_types` VALUES (3,'audio'),(1,'photo'),(2,'video');
/*!40000 ALTER TABLE `media_types` ENABLE KEYS */;
UNLOCK TABLES;

--
-- Table structure for table `messages`
--

DROP TABLE IF EXISTS `messages`;
/*!40101 SET @saved_cs_client     = @@character_set_client */;
/*!50503 SET character_set_client = utf8mb4 */;
CREATE TABLE `messages` (
  `id` int unsigned NOT NULL AUTO_INCREMENT,
  `from_user_id` int unsigned NOT NULL,
  `to_user_id` int unsigned NOT NULL,
  `community_id` int unsigned DEFAULT NULL,
  `body` text CHARACTER SET utf8 COLLATE utf8_unicode_ci NOT NULL,
  `media_id` int unsigned DEFAULT NULL,
  `is_important` tinyint(1) DEFAULT NULL,
  `is_delivered` tinyint(1) DEFAULT NULL,
  `created_at` datetime DEFAULT CURRENT_TIMESTAMP,
  PRIMARY KEY (`id`)
) ENGINE=InnoDB AUTO_INCREMENT=101 DEFAULT CHARSET=utf8 COLLATE=utf8_unicode_ci;
/*!40101 SET character_set_client = @saved_cs_client */;

--
-- Dumping data for table `messages`
--

LOCK TABLES `messages` WRITE;
/*!40000 ALTER TABLE `messages` DISABLE KEYS */;
INSERT INTO `messages` VALUES (1,86,83,7,'Quia blanditiis itaque ratione est ut optio. Quibusdam numquam omnis veniam suscipit error vel. Voluptas dignissimos cumque est repellendus animi quibusdam. Velit vitae cumque laborum voluptatem ab necessitatibus.',29,0,1,'2013-12-08 17:33:21'),(2,4,23,6,'Doloremque id autem dolores. Id atque magnam amet sequi nostrum. Esse doloribus doloremque et. Dignissimos beatae cumque exercitationem architecto quidem hic aut aliquid.',85,0,1,'2010-10-11 05:24:56'),(3,45,56,6,'Culpa et aperiam molestiae excepturi vel aut sapiente. Hic est porro molestiae itaque mollitia quo. Tenetur quia aut eum.',37,1,0,'2015-06-24 19:54:27'),(4,12,83,14,'Perferendis suscipit illo accusamus tenetur. Rem iure similique impedit sunt dolores unde. Est non quis iure aut nulla dignissimos aut. Corrupti ad quas incidunt ad.',28,1,0,'2014-02-09 23:04:27'),(5,13,8,12,'Quibusdam tempora totam dolorem et quod. Molestiae autem aliquid optio aut ipsam impedit. Mollitia et nobis consequatur qui voluptas nobis voluptatem eveniet. Qui adipisci tempore voluptate illum doloribus et natus.',29,0,1,'2016-04-12 11:16:58'),(6,82,96,NULL,'Ut ea eum delectus omnis ab qui error modi. Fugiat dolor similique dolores eius ipsam enim. Provident consequatur odio et possimus.',59,0,0,'2016-09-01 05:01:51'),(7,26,45,2,'Dolor aut laboriosam sit. Iste enim qui dolor quaerat nam consequuntur. Fugit et est voluptatem ipsam dolor.',9,0,0,'2011-07-02 16:06:01'),(8,0,97,2,'Et aut explicabo amet quisquam ut omnis. Itaque illo in corrupti molestiae natus dignissimos. Tempore nobis quia iste porro dolorum omnis.',66,1,1,'2011-06-06 21:55:05'),(9,58,83,5,'Ut sed ullam sit possimus sunt voluptatem. Omnis velit quo inventore. Natus reiciendis officia neque exercitationem neque aut.',5,1,0,'2019-06-18 05:06:00'),(10,66,19,NULL,'Voluptates quia rerum est dolorem at odio. Sed non quas repellat nihil voluptatibus consequuntur. Illum enim est blanditiis iure. Explicabo earum ipsam voluptatem culpa.',27,1,0,'2016-02-11 12:42:41'),(11,46,1,5,'Repudiandae nobis ut amet sed quia et aspernatur. Necessitatibus maxime natus consequatur ut fuga suscipit sequi. Deleniti neque nisi consectetur id voluptate. Illum dolorem et quo nostrum libero nihil. Possimus et ad vitae consequatur.',16,0,0,'2019-05-03 16:04:01'),(12,51,41,NULL,'Error unde consequuntur sapiente qui saepe laudantium. Ipsum pariatur nisi occaecati qui omnis.',2,0,0,'2016-08-08 02:20:20'),(13,84,25,2,'A rerum quibusdam aperiam. Occaecati explicabo veritatis eos suscipit hic. Aperiam quia voluptates expedita eveniet.',61,0,0,'2016-02-12 04:22:08'),(14,12,97,2,'Recusandae autem est a omnis quaerat et. Eius distinctio optio in impedit nostrum iste deleniti. Illo cum sunt consequatur. Fuga earum ad quis quo rerum sunt.',96,1,1,'2019-10-20 01:12:58'),(15,46,69,7,'Non voluptate sed autem ea dolore facere. Omnis saepe explicabo minima odio. Molestiae reiciendis quam soluta fuga consequatur et sint.',100,0,1,'2015-05-03 12:04:57'),(16,59,44,5,'Quia inventore cupiditate nobis consectetur sed. Aspernatur exercitationem id distinctio voluptas.',8,1,1,'2013-02-19 21:09:56'),(17,18,28,5,'Ut quia eos quis accusantium. Quis veniam unde ea minima. Possimus dicta corporis nam nemo voluptas. Expedita ad rerum odit fugit asperiores.',42,0,1,'2012-08-05 19:18:17'),(18,48,9,10,'Id et et quas dolores laboriosam. Quo eaque ipsa similique quod facilis rerum. Fugiat et eum enim est vitae laudantium.',85,0,0,'2017-03-09 17:54:52'),(19,69,52,NULL,'Laudantium est quae magnam a consequatur debitis. Repellendus repellat optio qui eum atque magnam dolorum. Ipsum commodi quis et.',97,1,0,'2016-08-20 17:19:09'),(20,40,12,4,'Rerum dignissimos pariatur ipsa ducimus corporis. Nulla placeat id ipsum eos. Mollitia molestiae consequatur laboriosam aperiam cupiditate qui.',29,1,1,'2017-05-18 18:38:13'),(21,57,76,13,'Voluptas dolores dolorum doloribus esse quia in et. Illo est vel accusantium molestiae ea minus laboriosam. Suscipit iure voluptatem velit distinctio repellendus. Nisi voluptatibus ad magni quo id aut mollitia quam.',54,1,0,'2011-12-29 16:02:40'),(22,31,17,NULL,'Voluptatem fugit est dolorum voluptatibus dolorem. Corporis consequuntur et sit omnis. Et sunt quam maxime dolore et provident iusto. Quo odio adipisci consequatur consectetur corporis dolores et.',83,0,1,'2010-06-19 20:46:50'),(23,63,15,NULL,'Dignissimos sed ex possimus ut. Voluptates laboriosam vitae in dolorem eum illum quas. Sit laudantium dolores explicabo consequatur.',53,1,0,'2019-12-09 06:53:29'),(24,58,98,NULL,'Esse soluta quidem ut. Et temporibus culpa dicta tempora quos sed. Cupiditate ea enim voluptatum nihil sapiente non eius.',14,0,1,'2018-03-25 09:21:08'),(25,37,98,14,'Voluptatem facere illo repudiandae. Iste consequuntur fugit autem repudiandae modi. Blanditiis neque inventore omnis cupiditate consectetur.',10,0,1,'2014-01-06 22:36:45'),(26,79,8,NULL,'Dolores eum impedit quia. Aut aperiam eaque ipsam possimus accusamus recusandae vero. Et deleniti a aut repellendus magnam aspernatur impedit.',9,0,0,'2015-09-22 15:05:16'),(27,65,77,10,'Et fuga tempora atque dolorem enim possimus atque sint. Qui ut expedita minima sed assumenda voluptatem et voluptatem. Est quis natus ipsum natus. Expedita est qui ipsum tempora non aut. Molestiae vitae commodi eos aut nesciunt.',16,1,1,'2012-01-30 04:46:16'),(28,69,24,13,'Eum aperiam error voluptas necessitatibus id non praesentium. Voluptatem nihil magni enim. Dolore nostrum enim ad quas omnis voluptatem rerum suscipit.',51,0,0,'2013-06-21 02:31:24'),(29,71,41,NULL,'Dolor deleniti omnis numquam ducimus assumenda officia enim. Cum deserunt natus libero et. Ut aspernatur iure sed ut iste maiores quia. Excepturi rerum ipsum velit a debitis. Itaque maxime quas sed quod assumenda.',7,1,1,'2019-05-12 19:48:30'),(30,63,15,NULL,'Molestiae placeat quibusdam omnis ipsum dicta iusto corrupti. Itaque consequuntur dolor dolor sint iste eaque et. Itaque libero saepe quos tenetur enim.',82,0,0,'2020-02-23 23:34:35'),(31,3,10,14,'Praesentium aut tempore delectus nihil harum. Tenetur cumque dolor dolore doloribus nemo tenetur. Et blanditiis occaecati nisi odit ab. Ex magnam sit qui.',87,0,1,'2019-09-01 14:58:24'),(32,80,60,1,'Ut cum qui laudantium dolorum et iste consequatur. Qui consequatur debitis est sunt eum. Voluptas qui in non temporibus recusandae. Reiciendis quibusdam qui vel esse aspernatur aut consequatur.',91,1,0,'2011-11-02 10:00:24'),(33,75,9,4,'Corporis voluptate suscipit provident. Voluptatem consequatur et dolorem. Sit ut non voluptatum ipsa. Officiis quia fuga maiores harum totam.',92,1,1,'2018-10-03 09:35:41'),(34,17,66,NULL,'Explicabo excepturi sint dolorem amet neque et illo. Laborum occaecati est porro nihil officiis. Aliquid odio suscipit qui enim. Numquam eum error rem et et porro doloremque.',86,0,0,'2019-09-29 13:20:32'),(35,44,5,8,'Iusto eum saepe doloribus deserunt. Laudantium autem omnis voluptas dignissimos non. Eum dolor qui provident. Iure pariatur minus voluptate nihil natus cum natus.',53,0,1,'2019-06-14 12:41:47'),(36,19,70,12,'Expedita est dolorem quasi accusantium. Esse provident eveniet ipsam tempore omnis voluptatem ab. Et esse dolorum repellendus delectus odit quia officia.',6,1,0,'2018-04-18 10:13:03'),(37,100,74,NULL,'Nobis voluptatibus ut tempore fugit consequuntur qui. Odio sint debitis at illum iusto accusamus aut quibusdam. Alias expedita dolore eaque quaerat. Id laudantium quibusdam aut vitae fuga minus blanditiis.',69,0,0,'2018-06-05 17:24:05'),(38,97,49,2,'Aperiam praesentium et est voluptate sit ut. Repellat excepturi aut occaecati vitae. Aut corporis non quis autem rerum nemo illo.',29,0,1,'2018-06-26 10:41:55'),(39,48,49,2,'Dolor perferendis a perferendis deleniti quis quia. Quia eum cum temporibus exercitationem voluptas. Qui reprehenderit vel vero aut. Omnis exercitationem voluptates odit laudantium.',38,1,0,'2013-01-25 22:49:52'),(40,5,79,3,'Soluta possimus omnis et nihil eum nihil numquam. Velit voluptas autem non labore cumque. Pariatur blanditiis exercitationem qui. Dolorem nam sit odio corporis labore corrupti eum. Autem sint reprehenderit voluptatem nulla autem sed velit.',100,0,0,'2019-03-26 06:17:31'),(41,4,39,10,'Saepe delectus reiciendis reprehenderit. Voluptatibus id sunt enim iure ratione. Laudantium qui ullam iusto atque in. Facere nulla nemo illum totam laborum odio.',86,1,1,'2019-02-08 15:17:21'),(42,11,31,NULL,'Pariatur odio eligendi veritatis. Qui qui non atque ratione saepe quia in. Nihil reprehenderit rem maxime explicabo.',31,0,1,'2011-11-23 15:43:11'),(43,91,13,6,'Architecto corrupti ut quibusdam occaecati quas beatae id. Nam rerum error vero sequi sit. Modi nobis in consequuntur nesciunt. Dolores voluptatum et voluptatum nesciunt.',95,0,0,'2013-06-20 09:25:52'),(44,47,80,11,'Voluptas recusandae ratione illum autem placeat architecto. Officiis qui maxime natus id. Ut molestiae dolorem sapiente quia vel autem saepe. Fuga saepe quae aut officiis.',83,0,0,'2011-12-12 16:03:09'),(45,84,7,NULL,'Reiciendis molestias in necessitatibus corrupti quos voluptates assumenda deleniti. Aut totam cumque nihil eum aut est.',29,0,0,'2017-04-08 14:19:21'),(46,9,66,NULL,'Qui expedita voluptatem ut corporis. Enim quia molestiae non officia rerum omnis. Molestiae soluta optio voluptatem ipsum asperiores qui excepturi reprehenderit. Ducimus voluptatem sapiente corporis consequuntur assumenda.',95,0,1,'2019-01-07 03:42:09'),(47,23,52,NULL,'Vitae ut ab eum iste. Rerum consectetur et et possimus laborum. Dolorum reprehenderit itaque omnis sed dolorem beatae.',86,0,1,'2018-05-21 01:33:05'),(48,56,1,13,'Harum magni laudantium at quia consequatur. Quas rerum mollitia quia officiis adipisci aut odit. Explicabo sit consequatur ut.',47,0,1,'2019-02-02 21:47:14'),(49,23,8,10,'Repellendus voluptatem deserunt et quam eaque repellat enim. Qui modi et et rerum quia. Omnis sunt velit corporis aut ut dignissimos sit. Consequatur in aut minus amet accusamus.',75,0,1,'2015-02-02 13:58:32'),(50,86,37,13,'Praesentium sequi praesentium maxime fugiat non. Et minima odit harum quod assumenda nemo. Voluptate occaecati et iusto dolorem est. Aliquid earum dignissimos eius a sint iusto.',36,1,1,'2015-09-27 05:08:39'),(51,28,30,11,'Qui ut id repellat excepturi ratione at. Nihil ea dolorem voluptatibus aut voluptas provident eum. Itaque qui totam deleniti ab corrupti laborum.',52,0,1,'2015-09-20 02:46:27'),(52,94,49,NULL,'A recusandae rerum fuga at qui. Et voluptatem vel assumenda enim blanditiis a. Quia harum voluptatibus tempore porro labore quas repudiandae. Quo quia voluptatem doloribus in. Est sunt illo vero.',52,0,0,'2011-08-16 21:05:31'),(53,89,80,10,'Occaecati deserunt voluptatum quo qui ut. Inventore sunt ut provident facere voluptate qui dicta. Ipsa consectetur autem dolorem mollitia asperiores dolores ea. Corrupti dolorem fugit aut autem sunt.',6,1,0,'2014-10-05 13:19:48'),(54,11,34,NULL,'Consequuntur quia eos ut quaerat aut. Iusto est commodi aperiam debitis eos sit. Dolorem perspiciatis mollitia et ut culpa corporis quidem. Ullam tempora nesciunt nisi voluptatem voluptate quo architecto cum.',70,1,0,'2014-10-16 14:01:01'),(55,5,82,6,'Consequatur voluptatibus recusandae aut laboriosam quis consequatur non a. Iste temporibus dignissimos nesciunt impedit. Est ea maiores sequi sint natus iste. Quis corporis inventore sint ab doloribus.',34,0,1,'2012-06-10 00:43:56'),(56,77,75,13,'In eveniet molestias cum cum est. Non fuga nihil perspiciatis provident in aut. Deserunt aut fugit ipsam ut impedit. Quam fuga voluptatum expedita vel vero aut.',57,0,1,'2016-06-17 19:50:27'),(57,78,90,6,'Iste dolores corporis possimus dolorem qui voluptatem voluptas. Ad ut pariatur totam. Sed praesentium at dolorem voluptas eos.',82,0,0,'2018-01-12 05:47:50'),(58,45,50,8,'Veritatis perspiciatis et nesciunt nobis nesciunt voluptas pariatur sed. Magni perspiciatis sint sint ipsa. Iusto praesentium vel et et. Consequatur sit ullam magnam mollitia quisquam.',39,1,0,'2013-09-19 17:55:23'),(59,76,39,5,'Debitis dolorum deleniti praesentium harum incidunt provident saepe. Et odit modi iste et voluptates perferendis totam. Est dolorum voluptas rerum doloribus aut et porro.',47,1,1,'2013-06-12 00:44:43'),(60,90,36,NULL,'A eum nesciunt perspiciatis. Odit unde facilis voluptas veritatis dolorem optio animi velit.',19,0,1,'2014-12-06 17:12:42'),(61,81,49,NULL,'Ut ratione adipisci et fugit doloremque veniam laborum. Quidem at repellat quia quod. Doloribus illo vitae aliquid maiores.',53,0,0,'2010-06-24 06:02:44'),(62,89,85,NULL,'Nihil odio minus occaecati atque perspiciatis a. Nulla sit aut esse et autem facere est. Unde neque atque cupiditate eligendi ut id dicta. Mollitia nihil voluptas ut dolorum est.',9,0,1,'2017-07-09 10:18:07'),(63,71,78,7,'Hic aliquid non similique. Rem et quo consequuntur et possimus quod similique.',83,0,1,'2011-10-19 21:08:36'),(64,9,30,5,'Hic tempore minima ducimus autem. A voluptatem soluta et voluptatum. Hic est facilis omnis suscipit cumque. Qui voluptas eum nemo quia recusandae nihil sint.',90,1,1,'2011-10-15 09:38:11'),(65,59,92,1,'Qui voluptatibus harum iste facilis dicta. Eaque voluptatem illum cum voluptate esse. Vel saepe tenetur culpa adipisci quia voluptas qui.',100,0,1,'2011-11-12 15:03:27'),(66,25,76,11,'Autem maxime sit mollitia tempore. Est consequatur error ducimus hic voluptatem est. Aut eaque quis voluptates molestiae quae.',29,1,0,'2015-04-20 05:02:58'),(67,92,18,10,'Laudantium quaerat provident quas et deleniti excepturi. Quos numquam quia ex illo cum possimus. Quia magnam vero voluptatem nam in repellat.',43,0,0,'2014-04-10 12:50:53'),(68,28,62,NULL,'Numquam suscipit id earum. Officia voluptas sequi id suscipit facilis perferendis. Commodi voluptatum quis consequatur vel. Ipsa totam cum ipsam quidem itaque laudantium commodi sed.',28,0,0,'2013-12-30 17:54:47'),(69,20,69,NULL,'Maiores aut voluptatem dolor consequatur. Exercitationem quod odio sit quisquam ex sapiente. Non molestiae et ut eos perspiciatis. Architecto amet ut quod voluptatibus voluptatem dolorem.',10,0,1,'2016-12-07 22:05:44'),(70,86,20,NULL,'Quas placeat accusamus consectetur ut. Qui eum nam enim.',68,1,1,'2014-03-18 05:39:12'),(71,83,13,3,'Ipsam et ipsum et porro repudiandae culpa quis. Eum sed quos sequi ut molestiae. Vero aut cumque occaecati magni sequi nam blanditiis. Omnis aperiam cumque voluptatem natus quia.',7,1,0,'2017-05-11 19:34:32'),(72,61,64,10,'Optio ut veniam dolores laboriosam corporis ullam nisi id. Maxime ut tempora omnis. Voluptas sunt impedit velit assumenda. Quo qui ipsum modi cumque accusantium blanditiis magnam.',32,1,1,'2020-02-18 15:06:47'),(73,85,42,NULL,'Ipsum dicta non repudiandae in autem. Modi sed porro ut blanditiis pariatur mollitia. Velit voluptas doloremque ad illo. Numquam eaque explicabo itaque.',37,0,0,'2014-06-02 13:06:38'),(74,33,71,11,'Voluptates reiciendis omnis aliquam. Reiciendis similique voluptas doloremque eaque. Tenetur ipsam sint blanditiis non. Incidunt corrupti deleniti quos molestiae aliquam distinctio. Esse eaque corporis ratione magnam et est.',91,1,0,'2013-11-10 04:56:08'),(75,97,50,12,'Ipsum nostrum quam nisi quidem et est perspiciatis voluptatem. A et nemo vel quod rem libero. Molestias laboriosam porro consequuntur. Ut et velit dolor veniam quia fugit.',41,0,1,'2015-02-14 13:49:00'),(76,13,67,6,'Autem et commodi est molestiae. Corrupti cumque ab et mollitia. Consequatur dolor quia exercitationem quia.',31,1,1,'2015-04-26 23:48:00'),(77,0,35,12,'Et omnis hic ea saepe ut. Numquam quia quo animi.',32,1,1,'2019-12-10 23:41:43'),(78,89,15,5,'Est sequi voluptatem quae rerum porro quisquam expedita voluptas. Non cum dolores dolor repellat eos libero labore consequatur. Sunt inventore voluptas autem id aspernatur.',68,1,1,'2010-03-24 15:44:05'),(79,45,28,8,'Adipisci dolor numquam et fuga. Quod sed vero voluptas occaecati ea. Ea voluptas error earum laboriosam velit id.',41,0,0,'2012-06-18 16:27:00'),(80,96,43,4,'Est et aperiam officia qui. Perspiciatis omnis facilis iusto deleniti. Dignissimos autem doloribus illo blanditiis accusamus autem consequuntur.',1,1,0,'2014-10-28 20:08:21'),(81,100,61,NULL,'Quia dignissimos expedita minima vero est est eum. Maxime voluptate officiis voluptas. Et sed expedita voluptatum enim libero.',80,1,1,'2016-03-18 22:10:14'),(82,7,100,5,'Cum saepe quaerat tempora et deserunt dolorem cupiditate. Veniam delectus dolores quo. Velit ipsum autem sed soluta et. Sed beatae atque tempore delectus dicta expedita aut consectetur.',98,0,0,'2015-05-04 00:53:35'),(83,53,0,NULL,'Mollitia ut unde dignissimos iure et. Incidunt corporis eius illo ad et dolor aut. Non eos illum qui vitae totam. Reprehenderit molestias ut et eveniet.',49,0,1,'2016-02-09 12:48:56'),(84,41,29,NULL,'Esse magni voluptas neque in architecto quae. Ipsum nobis repudiandae laboriosam corrupti. Maiores quidem labore eius consequatur quo. Quidem nisi quasi omnis sit in quo non est.',49,0,1,'2015-09-22 11:51:42'),(85,59,87,NULL,'Quam est nulla nesciunt quia quam ipsa. Earum ut et quia at qui voluptas et aut. Architecto excepturi et praesentium iste eos ut magnam.',98,0,0,'2015-10-06 23:51:14'),(86,77,20,NULL,'Expedita non voluptas molestiae et soluta. Perferendis et ut vel. Sequi vero velit excepturi veniam. Ullam quis enim et. Reiciendis labore commodi cumque enim id error.',41,0,0,'2016-07-04 07:58:15'),(87,34,30,NULL,'Et reiciendis consequatur eaque ea a impedit est. Deserunt enim sint eaque ullam adipisci minus rem. Nesciunt esse laboriosam dolores.',13,0,1,'2012-08-27 14:00:08'),(88,67,44,NULL,'Quidem corrupti accusantium in animi. Itaque officiis fugiat laborum maxime hic voluptatem sed veniam. Illo occaecati asperiores quas cum est qui cum.',40,1,1,'2016-11-24 15:41:08'),(89,76,38,12,'Accusamus et ea velit non eum ducimus maiores. Est et dolores assumenda ut voluptatem dicta.',61,0,0,'2011-02-15 05:32:39'),(90,82,58,11,'Optio dolores modi fugit ab corporis quia ullam. Et accusamus repellendus sed quos consectetur. Accusamus porro voluptas tenetur deleniti quia. Eligendi repellendus iure quo eveniet asperiores ut. Sint sunt odit magni itaque impedit est dolore.',84,1,0,'2018-12-17 12:02:00'),(91,22,27,NULL,'Architecto deserunt voluptatem harum deleniti sed repudiandae alias quos. Voluptas assumenda qui ipsa molestiae aspernatur itaque porro consequuntur. Voluptates ut quia sunt commodi. Voluptates aperiam consequatur ipsum est.',36,1,1,'2019-10-10 14:15:50'),(92,63,72,6,'Nam hic consequatur sequi eos in iure. Eligendi iure ut qui sit aut laboriosam.',29,1,0,'2018-12-19 19:58:31'),(93,44,0,3,'Nisi corrupti nemo error optio nesciunt fugit odio natus. Quis non consequuntur at porro sed. Reprehenderit sed odio quibusdam tempore quo eum.',36,1,0,'2020-01-05 18:38:03'),(94,42,24,NULL,'Est quibusdam aperiam rerum. Alias quas laborum modi ipsam. Deleniti ea ut omnis quis et corrupti. Consequatur ut enim maxime est quasi non fugit.',94,1,0,'2019-10-01 23:16:47'),(95,92,65,8,'Veritatis rem a omnis temporibus enim. Beatae suscipit dignissimos mollitia qui enim quas eos blanditiis. Eum ab aperiam culpa quaerat nihil modi aut.',59,0,1,'2013-10-02 06:29:46'),(96,73,58,NULL,'Non debitis repellendus modi est at fugiat. Qui sunt nemo natus enim eum excepturi. Sed enim et eaque laboriosam. Est eaque reiciendis saepe est quaerat.',12,1,0,'2019-12-11 07:03:05'),(97,88,26,10,'Eius harum placeat repellat expedita est quisquam accusamus. Quo eligendi nam voluptatem exercitationem accusamus soluta magnam. Dolores ea eos quis. Consequatur et voluptatibus reiciendis ducimus.',82,0,0,'2020-01-12 13:50:49'),(98,22,88,3,'Voluptatibus omnis rem ab nisi aliquid minus. Corrupti consequatur non debitis consequatur nihil molestiae iste. Enim ullam enim et suscipit. Autem error omnis ducimus repudiandae doloribus porro doloribus cupiditate. Laborum sequi facilis officia neque neque sapiente at quae.',74,0,1,'2017-04-17 03:10:08'),(99,6,24,5,'Eveniet saepe excepturi cupiditate voluptas. Quibusdam debitis fuga culpa. Ipsam cum placeat provident omnis eligendi. Deleniti eos ut accusamus quo dolores consequatur molestias nobis.',22,0,1,'2010-10-15 03:01:56'),(100,22,81,NULL,'Dolorum cum error autem maiores. Voluptatum consequatur nostrum animi. Nisi ipsa a rerum ea quasi libero fuga.',89,0,0,'2014-11-08 01:49:44');
/*!40000 ALTER TABLE `messages` ENABLE KEYS */;
UNLOCK TABLES;

--
-- Table structure for table `profile`
--

DROP TABLE IF EXISTS `profile`;
/*!40101 SET @saved_cs_client     = @@character_set_client */;
/*!50503 SET character_set_client = utf8mb4 */;
CREATE TABLE `profile` (
  `user_id` int unsigned NOT NULL,
  `gender` char(1) CHARACTER SET utf8 COLLATE utf8_unicode_ci NOT NULL,
  `birthday` date DEFAULT NULL,
  `city` varchar(100) CHARACTER SET utf8 COLLATE utf8_unicode_ci DEFAULT NULL,
  `country` varchar(100) CHARACTER SET utf8 COLLATE utf8_unicode_ci DEFAULT NULL,
  `photo_id` int unsigned NOT NULL,
  `created_at` datetime DEFAULT CURRENT_TIMESTAMP,
  `updated_at` datetime DEFAULT CURRENT_TIMESTAMP ON UPDATE CURRENT_TIMESTAMP,
  PRIMARY KEY (`user_id`)
) ENGINE=InnoDB DEFAULT CHARSET=utf8 COLLATE=utf8_unicode_ci;
/*!40101 SET character_set_client = @saved_cs_client */;

--
-- Dumping data for table `profile`
--

LOCK TABLES `profile` WRITE;
/*!40000 ALTER TABLE `profile` DISABLE KEYS */;
INSERT INTO `profile` VALUES (1,'m','1999-01-03','South Glendaborough','Kenya',39,'2018-03-31 01:05:19','2020-03-03 21:47:43'),(2,'m','1986-11-04','New Robertastad','Mayotte',85,'2011-09-03 22:00:28','2020-03-03 21:47:43'),(3,'m','1976-09-15','Lanceside','Mongolia',6,'2017-04-06 18:12:19','2020-03-03 21:47:43'),(4,'f','2004-06-07','Hamillfurt','Isle of Man',73,'2017-03-09 03:16:57','2020-03-03 21:47:43'),(5,'f','2010-10-16','North Kennediborough','Serbia',48,'2018-07-16 10:34:34','2020-03-03 21:47:43'),(6,'m','2004-05-20','New Benton','Slovakia (Slovak Republic)',22,'2010-06-20 02:40:57','2020-03-03 21:47:43'),(7,'f','1999-05-01','East Hubert','Singapore',65,'2010-11-24 16:58:02','2020-03-03 21:47:43'),(8,'m','1994-03-16','North Sebastian','United States Virgin Islands',57,'2019-12-04 01:47:16','2020-03-03 21:47:43'),(9,'m','1980-02-06','South Gusmouth','Uzbekistan',88,'2017-03-13 22:51:36','2020-03-03 21:47:43'),(10,'f','2016-09-15','Lake Myrtisburgh','Algeria',71,'2011-06-10 07:39:51','2020-03-03 21:47:43'),(11,'m','1980-10-11','South Kobe','Indonesia',90,'2012-11-29 04:15:54','2020-03-03 21:47:43'),(12,'f','2019-02-17','South Sabryna','Senegal',35,'2014-11-22 23:15:15','2020-03-03 21:47:43'),(13,'m','2014-08-21','North Florian','Australia',6,'2019-12-05 03:56:31','2020-03-03 21:47:43'),(14,'f','1994-03-27','Hauckville','Liberia',26,'2020-01-12 23:54:40','2020-03-03 21:47:43'),(15,'m','2007-12-16','Port Magnus','Cocos (Keeling) Islands',9,'2015-08-09 03:12:45','2020-03-03 21:47:43'),(16,'f','2018-03-18','New Susanmouth','Poland',66,'2014-11-07 05:21:26','2020-03-03 21:47:43'),(17,'f','2012-08-12','South Dortha','Estonia',5,'2016-05-25 18:48:39','2020-03-03 21:47:43'),(18,'f','1987-07-18','North Karineberg','Antigua and Barbuda',26,'2010-05-15 00:43:35','2020-03-03 21:47:43'),(19,'f','1974-03-08','Lake Reymundofurt','Cayman Islands',16,'2019-02-20 07:10:53','2020-03-03 21:47:43'),(20,'m','2004-12-28','Dorcaston','Ukraine',100,'2019-01-31 12:13:43','2020-03-03 21:47:43'),(21,'m','1985-02-10','North Lavon','Mauritius',54,'2017-07-23 15:23:55','2020-03-03 21:47:43'),(22,'f','2003-12-08','Kilbackmouth','Chile',66,'2017-06-23 16:48:49','2020-03-03 21:47:43'),(23,'m','1983-02-11','West Colleen','Portugal',69,'2014-10-16 11:34:31','2020-03-03 21:47:43'),(24,'m','2001-04-15','Port Cathryn','Haiti',45,'2019-06-15 23:22:38','2020-03-03 21:47:43'),(25,'f','1991-12-28','Jordybury','France',20,'2010-10-18 22:00:47','2020-03-03 21:47:43'),(26,'f','2007-09-28','Port Tyree','Saint Vincent and the Grenadines',65,'2013-08-31 14:03:27','2020-03-03 21:47:43'),(27,'m','2006-03-03','Schmittside','Thailand',63,'2011-09-22 12:39:54','2020-03-03 21:47:43'),(28,'f','1979-05-23','Ramonamouth','Egypt',18,'2012-05-26 03:30:17','2020-03-03 21:47:43'),(29,'f','1984-12-16','Rethafort','Egypt',1,'2018-09-09 09:35:12','2020-03-03 21:47:43'),(30,'m','2017-04-03','Dawsonside','Philippines',52,'2016-05-17 05:16:05','2020-03-03 21:47:43'),(31,'f','1993-01-15','New Kaiaside','Norway',54,'2012-07-31 04:34:43','2020-03-03 21:47:43'),(32,'f','1981-07-09','Trevionville','Isle of Man',14,'2016-02-12 10:18:03','2020-03-03 21:47:43'),(33,'m','1975-07-20','Granvilleport','Belize',9,'2013-06-01 23:25:58','2020-03-03 21:47:43'),(34,'m','1986-09-22','West Darianport','Sudan',2,'2019-05-15 15:29:53','2020-03-03 21:47:43'),(35,'f','1980-11-24','North Rheashire','Bhutan',82,'2014-12-12 19:44:18','2020-03-03 21:47:43'),(36,'f','1980-04-22','Coraliechester','Germany',4,'2015-08-29 17:39:23','2020-03-03 21:47:43'),(37,'f','2018-09-26','Shanahanchester','El Salvador',74,'2014-12-05 17:48:00','2020-03-03 21:47:43'),(38,'m','1981-03-02','Sawaynside','Holy See (Vatican City State)',55,'2018-01-25 10:01:24','2020-03-03 21:47:43'),(39,'f','1990-12-07','Dewittburgh','Isle of Man',53,'2017-07-31 17:25:59','2020-03-03 21:47:43'),(40,'m','1993-08-01','West Walker','Grenada',2,'2019-02-02 01:22:35','2020-03-03 21:47:43'),(41,'m','2003-02-01','Priceview','Kuwait',50,'2014-06-03 16:23:08','2020-03-03 21:47:43'),(42,'f','1975-07-22','Port Jerryfurt','Saint Pierre and Miquelon',42,'2013-06-06 08:24:54','2020-03-03 21:47:43'),(43,'f','2000-06-25','Trantowside','Turks and Caicos Islands',59,'2019-02-12 16:08:13','2020-03-03 21:47:43'),(44,'f','2011-05-11','South Edd','Niue',71,'2014-11-16 20:20:55','2020-03-03 21:47:43'),(45,'f','1971-12-21','Lake Marlonchester','Vietnam',77,'2014-12-05 15:32:35','2020-03-03 21:47:43'),(46,'f','1973-07-08','Lednerland','Martinique',70,'2015-11-18 13:07:47','2020-03-03 21:47:43'),(47,'f','2004-11-15','Feesthaven','Indonesia',17,'2014-12-13 15:14:31','2020-03-03 21:47:43'),(48,'f','2012-03-08','Earnestmouth','Mexico',78,'2013-05-31 18:32:44','2020-03-03 21:47:43'),(49,'m','1997-08-21','East Genesis','Kiribati',36,'2019-03-11 13:11:08','2020-03-03 21:47:43'),(50,'m','1980-07-01','South Yasmeen','Netherlands',48,'2012-09-20 13:14:01','2020-03-03 21:47:43'),(51,'f','1974-06-29','Port Mablemouth','Pakistan',31,'2017-07-30 07:50:19','2020-03-03 21:47:43'),(52,'f','1979-05-30','Connview','Morocco',10,'2011-01-05 01:23:39','2020-03-03 21:47:43'),(53,'m','1987-07-22','Lake Claudiaton','French Southern Territories',58,'2016-03-24 16:18:29','2020-03-03 21:47:43'),(54,'f','1970-01-02','Anneside','Vanuatu',57,'2016-01-23 18:18:06','2020-03-03 21:47:43'),(55,'f','1971-06-22','North Victoriatown','Bahamas',12,'2012-10-26 07:33:51','2020-03-03 21:47:43'),(56,'f','2016-07-25','East Blanche','Saint Pierre and Miquelon',87,'2016-06-06 22:17:27','2020-03-03 21:47:43'),(57,'m','2001-01-25','West Bernice','Serbia',99,'2019-04-28 19:53:03','2020-03-03 21:47:43'),(58,'m','1972-10-24','Beahanmouth','Reunion',32,'2019-02-25 00:51:14','2020-03-03 21:47:43'),(59,'f','1987-01-02','Reynoldburgh','Canada',64,'2011-05-05 16:22:03','2020-03-03 21:47:43'),(60,'m','1991-11-10','West Dallin','Guadeloupe',22,'2011-06-22 19:54:45','2020-03-03 21:47:43'),(61,'f','1976-11-23','Enricochester','China',19,'2014-05-28 08:05:15','2020-03-03 21:47:43'),(62,'f','1974-07-16','New Leonor','Jersey',27,'2010-12-29 12:18:45','2020-03-03 21:47:43'),(63,'m','1997-02-28','New Edwina','Bolivia',76,'2011-02-24 16:10:29','2020-03-03 21:47:43'),(64,'f','2003-03-30','South Harmony','Mali',1,'2019-02-20 11:01:52','2020-03-03 21:47:43'),(65,'m','2009-02-21','South Maggiemouth','Denmark',77,'2019-11-18 09:38:28','2020-03-03 21:47:43'),(66,'f','2013-11-27','South Morristown','Bhutan',79,'2019-02-05 07:21:08','2020-03-03 21:47:43'),(67,'f','1994-08-24','Lueilwitzview','Andorra',67,'2018-04-17 03:36:09','2020-03-03 21:47:43'),(68,'f','2004-01-03','Robertshire','Estonia',95,'2016-02-06 06:17:59','2020-03-03 21:47:43'),(69,'m','1971-03-28','Norvalfort','Haiti',75,'2019-06-23 20:10:40','2020-03-03 21:47:43'),(70,'m','1994-03-06','Treutelfort','Wallis and Futuna',87,'2016-11-04 02:27:24','2020-03-03 21:47:43'),(71,'m','1997-04-14','Port Charlene','Faroe Islands',13,'2019-06-14 04:30:25','2020-03-03 21:47:43'),(72,'m','1988-06-24','Aniyahaven','Chile',1,'2010-12-22 09:50:43','2020-03-03 21:47:43'),(73,'f','1979-10-27','South Eldredtown','Slovenia',64,'2014-03-19 04:13:03','2020-03-03 21:47:43'),(74,'m','1979-11-16','North Deondretown','Gibraltar',20,'2018-06-13 05:55:53','2020-03-03 21:47:43'),(75,'f','1990-10-26','East Lonny','Benin',6,'2012-10-02 00:24:19','2020-03-03 21:47:43'),(76,'m','2010-03-08','Beaulahville','Turkey',71,'2019-08-20 00:28:51','2020-03-03 21:47:43'),(77,'f','1971-04-22','Davisberg','Senegal',37,'2016-12-27 10:05:56','2020-03-03 21:47:43'),(78,'m','1978-03-05','East Abelardoside','Iran',73,'2017-07-11 13:07:33','2020-03-03 21:47:43'),(79,'m','1982-09-05','Kenyafort','Guyana',50,'2016-10-03 12:38:00','2020-03-03 21:47:43'),(80,'f','2015-01-04','Lurlinestad','New Zealand',32,'2013-09-05 21:15:29','2020-03-03 21:47:43'),(81,'f','1987-08-05','West Francesco','Greece',8,'2013-12-10 10:04:32','2020-03-03 21:47:43'),(82,'f','1987-10-23','Mayerport','South Georgia and the South Sandwich Islands',46,'2013-01-03 08:51:32','2020-03-03 21:47:43'),(83,'m','2014-07-20','Ezraland','Mozambique',4,'2010-10-29 01:23:14','2020-03-03 21:47:43'),(84,'f','1998-06-05','Naderfurt','Mexico',80,'2012-02-29 10:44:53','2020-03-03 21:47:43'),(85,'m','2009-05-24','Amyview','Norfolk Island',88,'2017-07-25 19:32:07','2020-03-03 21:47:43'),(86,'f','1998-11-30','Zemlakburgh','Netherlands Antilles',2,'2018-04-17 07:12:35','2020-03-03 21:47:43'),(87,'f','1988-03-13','Kennediton','Tunisia',43,'2012-02-16 10:14:33','2020-03-03 21:47:43'),(88,'m','1975-08-19','Lake Rasheedtown','Morocco',8,'2015-10-27 21:48:43','2020-03-03 21:47:43'),(89,'f','1998-11-18','Ryanstad','Lebanon',11,'2018-06-25 03:56:38','2020-03-03 21:47:43'),(90,'f','2013-04-01','New Haleyhaven','Saint Lucia',32,'2011-08-07 16:14:44','2020-03-03 21:47:43'),(91,'m','2005-12-06','New Jedediahtown','Gabon',26,'2020-01-31 14:56:47','2020-03-03 21:47:43'),(92,'m','2000-08-17','Lake Elfrieda','Benin',32,'2010-05-31 22:20:36','2020-03-03 21:47:43'),(93,'f','2001-03-29','Myaside','Samoa',83,'2017-09-27 00:09:12','2020-03-03 21:47:43'),(94,'m','1998-08-28','East Dawnhaven','Liechtenstein',19,'2016-10-11 10:16:02','2020-03-03 21:47:43'),(95,'m','2001-04-12','Lake Larissashire','Saudi Arabia',45,'2012-03-21 11:30:31','2020-03-03 21:47:43'),(96,'m','1993-12-19','Jeramieside','Pitcairn Islands',66,'2019-01-16 13:23:20','2020-03-03 21:47:43'),(97,'m','1992-02-22','South Lucasstad','Western Sahara',95,'2012-08-24 17:10:43','2020-03-03 21:47:43'),(98,'f','2000-03-08','Eladiostad','Palestinian Territory',75,'2019-09-23 17:13:29','2020-03-03 21:47:43'),(99,'m','1971-06-15','East Aimee','Chad',92,'2012-09-19 22:44:30','2020-03-03 21:47:43'),(100,'f','1980-06-02','Ednastad','Lesotho',32,'2016-09-25 06:35:37','2020-03-03 21:47:43');
/*!40000 ALTER TABLE `profile` ENABLE KEYS */;
UNLOCK TABLES;

--
-- Table structure for table `users`
--

DROP TABLE IF EXISTS `users`;
/*!40101 SET @saved_cs_client     = @@character_set_client */;
/*!50503 SET character_set_client = utf8mb4 */;
CREATE TABLE `users` (
  `id` int unsigned NOT NULL AUTO_INCREMENT,
  `first_name` varchar(100) CHARACTER SET utf8 COLLATE utf8_unicode_ci NOT NULL,
  `last_name` varchar(100) CHARACTER SET utf8 COLLATE utf8_unicode_ci NOT NULL,
  `email` varchar(130) CHARACTER SET utf8 COLLATE utf8_unicode_ci NOT NULL,
  `phone` varchar(130) CHARACTER SET utf8 COLLATE utf8_unicode_ci NOT NULL,
  `created_at` datetime DEFAULT CURRENT_TIMESTAMP,
  `updated_at` datetime DEFAULT CURRENT_TIMESTAMP ON UPDATE CURRENT_TIMESTAMP,
  PRIMARY KEY (`id`),
  UNIQUE KEY `email` (`email`),
  UNIQUE KEY `phone` (`phone`)
) ENGINE=InnoDB AUTO_INCREMENT=101 DEFAULT CHARSET=utf8 COLLATE=utf8_unicode_ci;
/*!40101 SET character_set_client = @saved_cs_client */;

--
-- Dumping data for table `users`
--

LOCK TABLES `users` WRITE;
/*!40000 ALTER TABLE `users` DISABLE KEYS */;
INSERT INTO `users` VALUES (1,'Cesar','Jast','bailey.celine@example.net','(986)345-9918x22683','2013-04-23 18:54:41','2014-05-28 12:36:19'),(2,'Carroll','Turcotte','jacques26@example.net','543.432.7464','2010-03-31 07:03:21','2013-03-10 20:31:25'),(3,'Wilbert','Balistreri','beth30@example.com','1-476-223-4316x257','2017-12-15 04:43:34','2020-03-03 21:08:45'),(4,'Rocky','Runte','alberto.russel@example.net','(184)614-3879','2018-06-18 17:44:38','2020-03-03 21:08:45'),(5,'Isac','Yost','dmorissette@example.org','934.588.5398x51738','2012-07-24 01:02:45','2015-06-02 23:26:25'),(6,'Linnie','Kuhlman','margaretta57@example.net','09545818370','2016-04-28 21:10:05','2019-07-18 08:22:02'),(7,'Hailie','Nader','marianne.hane@example.net','(456)379-1565x24426','2011-03-03 01:39:48','2016-11-28 14:51:29'),(8,'Lafayette','Block','reilly.brisa@example.net','+52(1)3967225676','2017-07-01 18:55:31','2020-03-03 21:08:45'),(9,'Guadalupe','Pollich','bartholome66@example.org','+55(1)8402537630','2014-03-21 09:52:06','2016-12-31 11:26:49'),(10,'Rhoda','Mayer','alison42@example.net','127.964.9168','2017-02-19 05:20:31','2020-03-03 21:08:45'),(11,'Rosalee','Kuphal','kunze.frances@example.org','+17(0)1059964079','2018-03-15 23:39:33','2020-03-03 21:08:45'),(12,'Kattie','Rippin','boyle.julie@example.org','+96(3)8422703660','2011-01-05 16:06:09','2013-08-15 10:01:33'),(13,'Yazmin','Schaden','eulah.ledner@example.com','134.754.5578','2018-07-31 03:04:17','2020-03-03 21:08:45'),(14,'Sandra','Maggio','ardella.beahan@example.org','306-974-4791x8921','2018-08-04 21:33:49','2020-03-03 21:08:45'),(15,'Oma','Senger','turner.eldridge@example.net','989-800-6369','2019-05-10 05:41:05','2020-03-03 21:08:45'),(16,'Easton','Beatty','cole.ari@example.com','(793)989-9542x294','2017-09-19 21:17:56','2020-03-03 21:08:45'),(17,'Ruby','Kling','macejkovic.maynard@example.org','051-015-5730','2019-08-09 03:06:20','2020-03-03 21:08:45'),(18,'Karianne','Schulist','lorenza.toy@example.org','396-791-5549x187','2011-09-22 05:43:24','2013-05-05 14:18:30'),(19,'Philip','Howell','hbradtke@example.net','385-159-7129x35431','2018-07-26 03:49:05','2020-03-03 21:08:45'),(20,'Edwina','Bergnaum','gibson.nedra@example.net','1-768-996-3827','2020-01-31 21:37:10','2020-03-03 21:08:45'),(21,'Alberta','Schumm','considine.cecilia@example.org','03240501381','2014-05-17 22:25:14','2018-01-18 09:42:17'),(22,'Keenan','Hane','pearline.walsh@example.net','928.130.9858','2011-03-28 19:28:19','2015-08-07 18:17:41'),(23,'Barbara','Hilll','tracey07@example.net','505.744.7640','2016-05-12 16:05:06','2017-03-27 14:26:29'),(24,'Tanya','Kuvalis','johnny.stark@example.net','005.974.1342','2011-02-02 14:17:46','2011-05-09 06:20:54'),(25,'Tressa','Simonis','demetrius.kuvalis@example.com','819-553-5925','2016-07-26 01:43:33','2020-03-03 21:08:45'),(26,'Alanis','Reilly','joan.hickle@example.org','566.372.7874x3828','2016-07-26 05:08:26','2020-03-03 21:08:45'),(27,'Benjamin','Wilkinson','vbednar@example.org','335-917-2628x2935','2019-03-16 05:25:03','2020-03-03 21:08:45'),(28,'Kiley','Feeney','reichel.jeremie@example.com','866.334.2761x44875','2010-10-11 02:09:21','2013-11-02 08:38:17'),(29,'Elian','Becker','esmeralda16@example.org','(524)775-0823x4679','2012-09-30 02:20:05','2015-11-08 13:42:45'),(30,'Madaline','Labadie','nichole.vandervort@example.net','871-766-5167','2016-06-01 22:01:14','2020-03-03 21:08:45'),(31,'Angeline','Greenholt','azemlak@example.net','1-502-627-8088','2012-09-17 01:51:53','2014-04-02 22:15:25'),(32,'Beverly','Turner','marvin.charlene@example.org','(795)431-6562x885','2014-10-19 17:31:50','2016-03-13 01:29:49'),(33,'Cody','Schroeder','collins.janet@example.org','846.079.5349x6831','2017-03-08 07:15:42','2018-11-12 14:48:30'),(34,'Carole','Koch','rodriguez.jakob@example.net','1-464-229-6660','2016-11-16 23:00:04','2020-03-03 21:08:45'),(35,'Meta','Hahn','schinner.ella@example.com','(550)768-5722x86409','2019-06-10 19:51:02','2020-03-03 21:08:45'),(36,'Camila','Sauer','gkulas@example.org','01933761151','2016-03-26 11:42:14','2017-06-13 03:32:13'),(37,'Darian','Wunsch','bernier.dayna@example.org','687-318-0062','2010-08-04 19:29:08','2012-11-26 18:33:39'),(38,'Elyse','Gulgowski','mzieme@example.net','1-400-703-4148','2017-03-28 09:23:21','2017-08-08 10:38:25'),(39,'Raymond','Dooley','sledner@example.com','+10(9)8356466058','2017-08-22 14:20:20','2019-11-27 00:41:05'),(40,'Andres','Pfannerstill','ikemmer@example.org','162-521-6597','2016-07-16 19:44:10','2020-03-03 21:08:45'),(41,'Matilda','Heidenreich','presley58@example.com','(130)516-1243x9127','2015-11-09 11:29:04','2016-06-02 20:30:02'),(42,'Omari','Erdman','florine.tromp@example.com','1-184-331-3164','2011-11-06 20:24:38','2018-02-22 16:10:09'),(43,'Jerry','Watsica','lbatz@example.net','01578151453','2014-05-28 07:01:54','2020-03-03 21:08:45'),(44,'Clara','Nolan','ubaldo.steuber@example.org','1-977-456-8412x92961','2018-12-08 13:13:34','2019-12-26 15:51:25'),(45,'Myah','Collier','heller.maryse@example.org','1-238-789-3639x8392','2015-11-30 14:27:14','2020-03-03 21:08:45'),(46,'Leonor','Zieme','haylie.murphy@example.com','08389302944','2012-11-22 19:06:52','2013-08-08 06:07:11'),(47,'Friedrich','Stroman','xhaley@example.net','(188)054-9166','2010-04-07 18:06:58','2018-03-09 15:10:41'),(48,'Kaden','Cassin','joshua88@example.org','1-664-849-6127x487','2017-01-26 00:04:13','2020-03-03 21:08:45'),(49,'Derick','Pacocha','randall12@example.net','+44(8)2479479227','2015-06-01 13:19:17','2019-04-10 18:40:47'),(50,'Dulce','Stokes','brando25@example.com','091.795.5117','2015-03-29 00:04:58','2020-03-03 21:08:45'),(51,'Bobbie','Bechtelar','hailee61@example.net','1-788-400-1336','2015-10-05 08:08:39','2017-03-28 13:08:37'),(52,'Meggie','Cole','ari94@example.org','966.992.9977x015','2018-12-13 13:37:52','2020-03-03 21:08:45'),(53,'Adrian','Conn','ggrant@example.net','683-680-6287x331','2015-08-20 05:52:20','2020-03-03 21:08:45'),(54,'Jude','Denesik','michele.gleason@example.net','(094)266-0681','2013-06-05 21:52:18','2020-03-03 21:08:45'),(55,'Sydney','Stark','vito06@example.com','1-959-515-3321x950','2015-08-11 13:17:19','2019-09-28 06:01:17'),(56,'Berneice','Kohler','princess.keeling@example.org','1-369-999-9792x29190','2017-07-30 11:46:57','2020-03-03 21:08:45'),(57,'Savanah','Raynor','pablo.kovacek@example.org','1-645-296-9403x487','2015-10-03 19:03:35','2020-03-03 21:08:45'),(58,'Brandyn','Brown','joannie.monahan@example.com','669.582.0434','2012-12-06 15:28:49','2020-01-08 20:25:09'),(59,'Velva','Fay','zoey88@example.com','321-800-9227','2010-08-05 05:47:34','2014-03-05 11:53:55'),(60,'Marilyne','McGlynn','zetta92@example.net','527-831-8345x098','2014-09-22 19:49:41','2020-03-03 21:08:45'),(61,'Lenny','Anderson','maya67@example.net','1-990-482-9928x76082','2010-05-09 22:55:44','2018-01-09 02:02:13'),(62,'Wilmer','Bogisich','green.lauren@example.com','1-919-719-6090x117','2019-12-28 09:51:01','2020-03-03 21:08:45'),(63,'Glenda','Steuber','christine59@example.com','06977262182','2018-03-13 04:50:35','2018-12-13 08:21:29'),(64,'Roslyn','Stamm','zhessel@example.org','050-113-4911x01239','2017-04-01 22:50:05','2019-12-04 09:55:44'),(65,'Angeline','Schultz','nathanael.cronin@example.org','1-512-490-0931x666','2020-01-09 14:16:02','2020-03-03 21:08:45'),(66,'Pierce','Heller','marcelle.sauer@example.net','(607)178-3744x7426','2019-01-21 04:44:42','2020-03-03 21:08:45'),(67,'Kayla','Weber','domenica05@example.com','892-318-0475x946','2015-02-13 11:20:48','2020-03-03 21:08:45'),(68,'Whitney','Koepp','eanderson@example.org','862.136.3797x2232','2013-02-14 11:33:59','2013-03-20 14:54:14'),(69,'Luisa','Davis','atromp@example.net','1-291-974-0377x12123','2014-04-28 19:30:58','2020-03-03 21:08:45'),(70,'Emma','Grimes','larson.lola@example.net','1-542-294-8142x1245','2017-08-08 08:47:39','2020-03-03 21:08:45'),(71,'Tressie','Borer','madalyn26@example.org','767-921-4256','2010-12-10 11:22:58','2015-11-26 17:32:48'),(72,'Eloisa','Hermiston','fmann@example.com','01158132222','2012-07-16 11:23:45','2019-05-16 05:29:24'),(73,'Elmer','Shields','jamey.cremin@example.org','00135754381','2017-01-17 14:19:08','2020-03-03 21:08:45'),(74,'Wava','Runolfsson','adams.hyman@example.com','362-934-7302x6964','2011-11-06 08:18:29','2019-11-25 18:51:07'),(75,'Simeon','Homenick','fhilpert@example.net','08863528334','2011-09-07 08:27:27','2016-12-08 04:47:54'),(76,'Lilian','Mills','conner.johnson@example.net','1-918-485-2393','2016-01-02 15:51:34','2020-03-03 21:08:45'),(77,'Toney','Bosco','aleen89@example.com','537-313-9703x6433','2019-11-03 22:36:54','2020-03-03 21:08:45'),(78,'Karolann','Braun','brekke.sanford@example.net','(441)554-1116x32127','2012-10-03 15:30:51','2015-06-20 07:49:19'),(79,'Letitia','Bailey','lesch.eleonore@example.org','636-937-5262x03040','2012-11-15 03:00:49','2020-03-03 21:08:45'),(80,'Roselyn','Schultz','london.johns@example.org','07646340204','2014-11-06 19:24:38','2018-07-05 18:19:20'),(81,'Hanna','Ferry','kcorkery@example.org','(165)328-6015','2012-06-22 17:13:49','2017-09-16 16:50:22'),(82,'Adam','Greenfelder','oziemann@example.org','919-093-6217','2019-09-02 02:39:35','2020-03-03 21:08:45'),(83,'Seth','Willms','emmett.bartoletti@example.org','1-499-242-4657','2011-10-02 06:08:39','2020-03-03 21:08:45'),(84,'Addison','Ferry','wcummings@example.net','(242)931-0474','2017-01-19 22:11:42','2020-03-03 21:08:45'),(85,'Osvaldo','Fritsch','celestino50@example.com','+92(5)1821910727','2012-01-22 07:09:47','2013-01-14 18:49:49'),(86,'Wilhelm','Hammes','evelyn42@example.org','880.739.3999x262','2014-12-18 21:55:47','2020-03-03 21:08:45'),(87,'Derick','Marvin','jefferey.schaefer@example.com','+43(9)8631180260','2016-01-18 22:48:59','2020-03-03 21:08:45'),(88,'Justus','Feil','zmacejkovic@example.com','1-892-965-4728','2018-07-15 17:28:52','2020-03-03 21:08:45'),(89,'Rollin','Berge','bbergnaum@example.com','490.800.5320x4389','2018-11-05 06:47:09','2020-03-03 21:08:45'),(90,'Hector','Lehner','bailey.patricia@example.net','000.768.3088x311','2015-10-25 01:45:05','2020-03-03 21:08:45'),(91,'Mellie','Kris','dayana49@example.org','468-930-0112','2018-03-22 22:18:00','2019-08-17 15:35:12'),(92,'Irma','Franecki','langworth.guiseppe@example.net','1-951-887-5579x99384','2010-04-17 04:41:24','2014-09-27 09:21:46'),(93,'Emery','Skiles','lewis24@example.com','1-899-397-2424','2015-05-17 08:59:30','2016-07-20 13:11:45'),(94,'Glenda','Crooks','orlo.mills@example.net','(369)413-7223','2019-03-15 06:14:44','2020-03-03 21:08:45'),(95,'Paige','Cronin','buddy02@example.com','250-466-1974','2016-11-03 20:25:21','2020-03-03 21:08:45'),(96,'Dannie','Reilly','malvina.rogahn@example.org','(035)365-0870x7811','2012-12-21 17:45:40','2016-03-13 22:49:40'),(97,'Annette','Bogan','stark.adrienne@example.net','1-975-048-3903x63964','2015-09-03 15:47:22','2016-10-02 04:50:24'),(98,'Zane','Cartwright','vicky.spencer@example.net','(358)878-3956','2019-01-21 00:12:00','2020-03-03 21:08:45'),(99,'Mohamed','Corkery','trunolfsson@example.org','1-190-682-1329x43133','2011-03-05 15:18:18','2014-06-04 19:16:46'),(100,'Mattie','Bailey','isaac.glover@example.net','(164)042-0801','2017-04-06 13:39:50','2020-03-03 21:08:45');
/*!40000 ALTER TABLE `users` ENABLE KEYS */;
UNLOCK TABLES;
/*!40103 SET TIME_ZONE=@OLD_TIME_ZONE */;

/*!40101 SET SQL_MODE=@OLD_SQL_MODE */;
/*!40014 SET FOREIGN_KEY_CHECKS=@OLD_FOREIGN_KEY_CHECKS */;
/*!40014 SET UNIQUE_CHECKS=@OLD_UNIQUE_CHECKS */;
/*!40101 SET CHARACTER_SET_CLIENT=@OLD_CHARACTER_SET_CLIENT */;
/*!40101 SET CHARACTER_SET_RESULTS=@OLD_CHARACTER_SET_RESULTS */;
/*!40101 SET COLLATION_CONNECTION=@OLD_COLLATION_CONNECTION */;
/*!40111 SET SQL_NOTES=@OLD_SQL_NOTES */;

-- Dump completed on 2020-03-05  7:13:31
